{
  "timestamp": "2026-01-10T14:36:13.515565",
  "results": {
    "BTC/USDT": {
      "direction_tree_only": {
        "accuracy": 0.4937106918238994,
        "f1": 0.5333333333333333
      },
      "direction_with_gru": {
        "accuracy": 0.5031446540880503,
        "f1": 0.5153374233128835,
        "improvement": 0.009433962264150941
      },
      "price_tree_only": {
        "mae": 0.006386425611857009,
        "r2": -0.09773883607235656
      }
    },
    "ETH/USDT": {
      "direction_tree_only": {
        "accuracy": 0.49056603773584906,
        "f1": 0.5573770491803278
      },
      "direction_with_gru": {
        "accuracy": 0.49056603773584906,
        "f1": 0.55,
        "improvement": 0.0
      },
      "price_tree_only": {
        "mae": 0.00944760997573536,
        "r2": -0.16327738100794376
      }
    }
  }
}