{
  "timestamp": "2026-01-10T14:22:39.232985",
  "results": {
    "5m": {
      "BTC/USDT": {
        "accuracy": 0.5077881619937694,
        "precision": 0.5129310344827587,
        "recall": 0.3695652173913043,
        "f1": 0.4296028880866426,
        "samples_train": 5991,
        "samples_test": 1284,
        "up_percentage": 0.5015576323987538,
        "features_used": 50
      },
      "ETH/USDT": {
        "accuracy": 0.5311526479750779,
        "precision": 0.5384615384615384,
        "recall": 0.4666666666666667,
        "f1": 0.5,
        "samples_train": 5992,
        "samples_test": 1284,
        "up_percentage": 0.5023364485981309,
        "features_used": 50
      }
    },
    "15m": {
      "BTC/USDT": {
        "accuracy": 0.5117096018735363,
        "precision": 0.513953488372093,
        "recall": 0.5151515151515151,
        "f1": 0.5145518044237486,
        "samples_train": 3980,
        "samples_test": 854,
        "up_percentage": 0.5023419203747073,
        "features_used": 50
      },
      "ETH/USDT": {
        "accuracy": 0.5597189695550351,
        "precision": 0.547945205479452,
        "recall": 0.6588235294117647,
        "f1": 0.5982905982905983,
        "samples_train": 3980,
        "samples_test": 854,
        "up_percentage": 0.49765807962529274,
        "features_used": 50
      }
    },
    "1h": {
      "BTC/USDT": {
        "accuracy": 0.5188087774294671,
        "precision": 0.5416666666666666,
        "recall": 0.39755351681957185,
        "f1": 0.4585537918871252,
        "samples_train": 2975,
        "samples_test": 638,
        "up_percentage": 0.512539184952978,
        "features_used": 50
      },
      "ETH/USDT": {
        "accuracy": 0.5313479623824452,
        "precision": 0.5301418439716312,
        "recall": 0.8978978978978979,
        "f1": 0.6666666666666666,
        "samples_train": 2975,
        "samples_test": 638,
        "up_percentage": 0.5219435736677116,
        "features_used": 50
      }
    },
    "4h": {
      "BTC/USDT": {
        "accuracy": 0.5062893081761006,
        "precision": 0.5346534653465347,
        "recall": 0.631578947368421,
        "f1": 0.579088471849866,
        "samples_train": 1483,
        "samples_test": 318,
        "up_percentage": 0.5377358490566038,
        "features_used": 50
      },
      "ETH/USDT": {
        "accuracy": 0.49056603773584906,
        "precision": 0.5291005291005291,
        "recall": 0.5780346820809249,
        "f1": 0.5524861878453039,
        "samples_train": 1483,
        "samples_test": 318,
        "up_percentage": 0.5440251572327044,
        "features_used": 50
      }
    },
    "1d": {
      "BTC/USDT": {
        "accuracy": 0.494949494949495,
        "precision": 0.46551724137931033,
        "recall": 0.5869565217391305,
        "f1": 0.5192307692307693,
        "samples_train": 459,
        "samples_test": 99,
        "up_percentage": 0.46464646464646464,
        "features_used": 50
      },
      "ETH/USDT": {
        "accuracy": 0.5555555555555556,
        "precision": 0.5303030303030303,
        "recall": 0.7291666666666666,
        "f1": 0.6140350877192983,
        "samples_train": 459,
        "samples_test": 99,
        "up_percentage": 0.48484848484848486,
        "features_used": 50
      }
    }
  },
  "summary": {
    "5m": {
      "avg_accuracy": 0.5194704049844237,
      "avg_f1": 0.4648014440433213,
      "avg_samples": 1284
    },
    "15m": {
      "avg_accuracy": 0.5357142857142857,
      "avg_f1": 0.5564212013571734,
      "avg_samples": 854
    },
    "1h": {
      "avg_accuracy": 0.5250783699059561,
      "avg_f1": 0.562610229276896,
      "avg_samples": 638
    },
    "4h": {
      "avg_accuracy": 0.49842767295597484,
      "avg_f1": 0.565787329847585,
      "avg_samples": 318
    },
    "1d": {
      "avg_accuracy": 0.5252525252525253,
      "avg_f1": 0.5666329284750338,
      "avg_samples": 99
    }
  }
}