{
  "timestamp": "2026-01-08T12:24:30.566414",
  "version": "baseline",
  "models": {
    "BTC/USDT_1h": {
      "num_features": 66,
      "num_samples": 4208,
      "train_samples": 2945,
      "test_samples": 632,
      "model_results": {
        "lightgbm": {
          "mse": 1.644738749821355e-05,
          "r2": -0.019442483680866207,
          "direction_accuracy": 0.5237341772151899
        },
        "xgboost": {
          "mse": 1.6150879307780813e-05,
          "r2": -0.0010643037955013757,
          "direction_accuracy": 0.4873417721518987
        },
        "catboost": {
          "mse": 1.6234325807942553e-05,
          "r2": -0.00623648736499538,
          "direction_accuracy": 0.5031645569620253
        }
      }
    },
    "BTC/USDT_4h": {
      "num_features": 66,
      "num_samples": 2080,
      "train_samples": 1456,
      "test_samples": 312,
      "model_results": {
        "lightgbm": {
          "mse": 9.128738033948123e-05,
          "r2": -0.007075548844925006,
          "direction_accuracy": 0.4967948717948718
        },
        "xgboost": {
          "mse": 9.066705963845275e-05,
          "r2": -0.00023221728995026503,
          "direction_accuracy": 0.5384615384615384
        },
        "catboost": {
          "mse": 9.0485218574622e-05,
          "r2": 0.001773839719012793,
          "direction_accuracy": 0.5416666666666666
        }
      }
    },
    "ETH/USDT_1h": {
      "num_features": 66,
      "num_samples": 4208,
      "train_samples": 2945,
      "test_samples": 632,
      "model_results": {
        "lightgbm": {
          "mse": 2.939738055910122e-05,
          "r2": -0.0002569392068412224,
          "direction_accuracy": 0.5221518987341772
        },
        "xgboost": {
          "mse": 2.9389829518129556e-05,
          "r2": -1.2195437548712107e-08,
          "direction_accuracy": 0.5221518987341772
        },
        "catboost": {
          "mse": 2.9426105762827494e-05,
          "r2": -0.0012343250762920643,
          "direction_accuracy": 0.5142405063291139
        }
      }
    },
    "ETH/USDT_4h": {
      "num_features": 66,
      "num_samples": 2080,
      "train_samples": 1456,
      "test_samples": 312,
      "model_results": {
        "lightgbm": {
          "mse": 0.00018997391551639332,
          "r2": 0.002214434345487959,
          "direction_accuracy": 0.5352564102564102
        },
        "xgboost": {
          "mse": 0.00019041242602647106,
          "r2": -8.872109642643622e-05,
          "direction_accuracy": 0.5608974358974359
        },
        "catboost": {
          "mse": 0.00018895031366003586,
          "r2": 0.00759062062071636,
          "direction_accuracy": 0.5641025641025641
        }
      }
    }
  },
  "summary": {
    "avg_r2": -0.0020043453221681995,
    "avg_mse": 8.156851851745429e-05,
    "avg_direction_accuracy": 0.5258303581088392
  }
}