{
  "timestamp": "2026-01-15T19:04:58.503651",
  "results": {
    "BTC/USDT_15m": {
      "lightgbm": {
        "accuracy": 0.5362997658079626,
        "precision": 0.5361050328227571,
        "recall": 0.5710955710955711,
        "f1": 0.5530474040632054
      },
      "xgboost": {
        "accuracy": 0.5070257611241218,
        "precision": 0.5089686098654709,
        "recall": 0.5291375291375291,
        "f1": 0.5188571428571429
      },
      "ensemble_equal": {
        "accuracy": 0.5058548009367682,
        "precision": 0.5079365079365079,
        "recall": 0.5221445221445221,
        "f1": 0.5149425287356322
      },
      "ensemble_optimized": {
        "accuracy": 0.5058548009367682,
        "precision": 0.5079365079365079,
        "recall": 0.5221445221445221,
        "f1": 0.5149425287356322
      }
    },
    "ETH/USDT_15m": {
      "lightgbm": {
        "accuracy": 0.5386416861826698,
        "precision": 0.5454545454545454,
        "recall": 0.48951048951048953,
        "f1": 0.515970515970516
      },
      "xgboost": {
        "accuracy": 0.5304449648711944,
        "precision": 0.5343137254901961,
        "recall": 0.5081585081585082,
        "f1": 0.5209080047789725
      },
      "ensemble_equal": {
        "accuracy": 0.5281030444964872,
        "precision": 0.5323383084577115,
        "recall": 0.4988344988344988,
        "f1": 0.5150421179302046
      },
      "ensemble_optimized": {
        "accuracy": 0.5269320843091335,
        "precision": 0.5308641975308642,
        "recall": 0.5011655011655012,
        "f1": 0.5155875299760192
      }
    },
    "BTC/USDT_4h": {
      "lightgbm": {
        "accuracy": 0.5047021943573667,
        "precision": 0.5739130434782609,
        "recall": 0.37714285714285717,
        "f1": 0.45517241379310347
      },
      "xgboost": {
        "accuracy": 0.5141065830721003,
        "precision": 0.5442477876106194,
        "recall": 0.7028571428571428,
        "f1": 0.6134663341645885
      },
      "ensemble_equal": {
        "accuracy": 0.5172413793103449,
        "precision": 0.5466666666666666,
        "recall": 0.7028571428571428,
        "f1": 0.615
      },
      "ensemble_optimized": {
        "accuracy": 0.5047021943573667,
        "precision": 0.5384615384615384,
        "recall": 0.68,
        "f1": 0.601010101010101
      }
    },
    "ETH/USDT_4h": {
      "lightgbm": {
        "accuracy": 0.5109717868338558,
        "precision": 0.5519125683060109,
        "recall": 0.5771428571428572,
        "f1": 0.5642458100558659
      },
      "xgboost": {
        "accuracy": 0.48589341692789967,
        "precision": 0.5297297297297298,
        "recall": 0.56,
        "f1": 0.5444444444444444
      },
      "ensemble_equal": {
        "accuracy": 0.4890282131661442,
        "precision": 0.531578947368421,
        "recall": 0.5771428571428572,
        "f1": 0.5534246575342465
      },
      "ensemble_optimized": {
        "accuracy": 0.47648902821316613,
        "precision": 0.5210526315789473,
        "recall": 0.5657142857142857,
        "f1": 0.5424657534246575
      }
    }
  }
}