{
  "timestamp": "2026-01-12T19:50:34.506641",
  "version": "baseline",
  "models": {
    "BTC/USDT_1h": {
      "num_features": 90,
      "num_samples": 4243,
      "train_samples": 2970,
      "test_samples": 637,
      "model_results": {
        "lightgbm": {
          "mse": 1.5179706505712965e-05,
          "r2": -0.01980383272279962,
          "direction_accuracy": 0.4913657770800628
        },
        "xgboost": {
          "mse": 1.4903594513233462e-05,
          "r2": -0.0012540624696426583,
          "direction_accuracy": 0.49293563579277866
        },
        "catboost": {
          "mse": 1.4922189488047463e-05,
          "r2": -0.002503311035651823,
          "direction_accuracy": 0.5054945054945055
        }
      }
    },
    "BTC/USDT_4h": {
      "num_features": 90,
      "num_samples": 2088,
      "train_samples": 1461,
      "test_samples": 314,
      "model_results": {
        "lightgbm": {
          "mse": 7.640507885555591e-05,
          "r2": -0.0032957357853713454,
          "direction_accuracy": 0.5031847133757962
        },
        "xgboost": {
          "mse": 7.615972336733317e-05,
          "r2": -7.390657227945852e-05,
          "direction_accuracy": 0.5509554140127388
        },
        "catboost": {
          "mse": 7.622804751115415e-05,
          "r2": -0.0009710893665852982,
          "direction_accuracy": 0.5
        }
      }
    },
    "ETH/USDT_1h": {
      "num_features": 90,
      "num_samples": 4243,
      "train_samples": 2970,
      "test_samples": 637,
      "model_results": {
        "lightgbm": {
          "mse": 2.3908908868334612e-05,
          "r2": 0.0021347465402333787,
          "direction_accuracy": 0.5086342229199372
        },
        "xgboost": {
          "mse": 2.3978008832764523e-05,
          "r2": -0.0007492183407920017,
          "direction_accuracy": 0.478806907378336
        },
        "catboost": {
          "mse": 2.3912364447497294e-05,
          "r2": 0.001990524049946929,
          "direction_accuracy": 0.5070643642072213
        }
      }
    },
    "ETH/USDT_4h": {
      "num_features": 90,
      "num_samples": 2088,
      "train_samples": 1461,
      "test_samples": 314,
      "model_results": {
        "lightgbm": {
          "mse": 0.00015851516206182495,
          "r2": -0.026030557703935697,
          "direction_accuracy": 0.4840764331210191
        },
        "xgboost": {
          "mse": 0.00015449714475728585,
          "r2": -2.2897097738283634e-05,
          "direction_accuracy": 0.5509554140127388
        },
        "catboost": {
          "mse": 0.0001560260745904927,
          "r2": -0.009919292553231429,
          "direction_accuracy": 0.5191082802547771
        }
      }
    }
  },
  "summary": {
    "avg_r2": -0.005041552754820609,
    "avg_mse": 6.788633364993642e-05,
    "avg_direction_accuracy": 0.507715138970826
  }
}