{
  "timestamp": "2026-01-10T19:37:31.247676",
  "results": {
    "BTC/USDT_15m": {
      "lightgbm": {
        "accuracy": 0.49411764705882355,
        "precision": 0.494475138121547,
        "recall": 0.42018779342723006,
        "f1": 0.4543147208121827
      },
      "xgboost": {
        "accuracy": 0.5035294117647059,
        "precision": 0.5052910052910053,
        "recall": 0.44835680751173707,
        "f1": 0.47512437810945274
      },
      "catboost": {
        "accuracy": 0.5152941176470588,
        "precision": 0.5190217391304348,
        "recall": 0.44835680751173707,
        "f1": 0.4811083123425693
      },
      "lstm": {
        "accuracy": 0.5223529411764706,
        "precision": 0.5204081632653061,
        "recall": 0.5985915492957746,
        "f1": 0.5567685589519651
      },
      "ensemble_equal": {
        "accuracy": 0.5011764705882353,
        "precision": 0.5026737967914439,
        "recall": 0.4413145539906103,
        "f1": 0.47
      },
      "ensemble_optimized": {
        "accuracy": 0.5035294117647059,
        "precision": 0.5053763440860215,
        "recall": 0.4413145539906103,
        "f1": 0.47117794486215536
      }
    },
    "ETH/USDT_15m": {
      "lightgbm": {
        "accuracy": 0.5411764705882353,
        "precision": 0.5382830626450116,
        "recall": 0.5484633569739953,
        "f1": 0.5433255269320844
      },
      "xgboost": {
        "accuracy": 0.5305882352941177,
        "precision": 0.527027027027027,
        "recall": 0.5531914893617021,
        "f1": 0.5397923875432526
      },
      "catboost": {
        "accuracy": 0.5317647058823529,
        "precision": 0.5328083989501312,
        "recall": 0.4799054373522459,
        "f1": 0.5049751243781094
      },
      "lstm": {
        "accuracy": 0.5152941176470588,
        "precision": 0.5317919075144508,
        "recall": 0.21749408983451538,
        "f1": 0.3087248322147651
      },
      "ensemble_equal": {
        "accuracy": 0.5458823529411765,
        "precision": 0.5473145780051151,
        "recall": 0.5059101654846335,
        "f1": 0.5257985257985258
      },
      "ensemble_optimized": {
        "accuracy": 0.5447058823529412,
        "precision": 0.545,
        "recall": 0.5153664302600472,
        "f1": 0.5297691373025516
      }
    },
    "BTC/USDT_4h": {
      "lightgbm": {
        "accuracy": 0.46540880503144655,
        "precision": 0.5081967213114754,
        "recall": 0.18128654970760233,
        "f1": 0.2672413793103448
      },
      "xgboost": {
        "accuracy": 0.48427672955974843,
        "precision": 0.5212121212121212,
        "recall": 0.5029239766081871,
        "f1": 0.5119047619047619
      },
      "catboost": {
        "accuracy": 0.5094339622641509,
        "precision": 0.5517241379310345,
        "recall": 0.4678362573099415,
        "f1": 0.5063291139240507
      },
      "gru": {
        "accuracy": 0.5660377358490566,
        "precision": 0.56,
        "recall": 0.9005847953216374,
        "f1": 0.6905829596412556
      },
      "lstm": {
        "accuracy": 0.5220125786163522,
        "precision": 0.5309446254071661,
        "recall": 0.9532163742690059,
        "f1": 0.6820083682008368
      },
      "ensemble_equal": {
        "accuracy": 0.4779874213836478,
        "precision": 0.514792899408284,
        "recall": 0.5087719298245614,
        "f1": 0.5117647058823529
      },
      "ensemble_optimized": {
        "accuracy": 0.4811320754716981,
        "precision": 0.5172413793103449,
        "recall": 0.5263157894736842,
        "f1": 0.5217391304347826
      }
    },
    "ETH/USDT_4h": {
      "lightgbm": {
        "accuracy": 0.5251572327044025,
        "precision": 0.5662650602409639,
        "recall": 0.5433526011560693,
        "f1": 0.5545722713864307
      },
      "xgboost": {
        "accuracy": 0.5157232704402516,
        "precision": 0.5637583892617449,
        "recall": 0.48554913294797686,
        "f1": 0.5217391304347826
      },
      "catboost": {
        "accuracy": 0.5062893081761006,
        "precision": 0.5606060606060606,
        "recall": 0.4277456647398844,
        "f1": 0.4852459016393443
      },
      "gru": {
        "accuracy": 0.4559748427672956,
        "precision": 0.0,
        "recall": 0.0,
        "f1": 0.0
      },
      "lstm": {
        "accuracy": 0.5440251572327044,
        "precision": 0.5526315789473685,
        "recall": 0.8497109826589595,
        "f1": 0.6697038724373576
      },
      "ensemble_equal": {
        "accuracy": 0.5188679245283019,
        "precision": 0.5694444444444444,
        "recall": 0.47398843930635837,
        "f1": 0.5173501577287066
      },
      "ensemble_optimized": {
        "accuracy": 0.5125786163522013,
        "precision": 0.5608108108108109,
        "recall": 0.4797687861271676,
        "f1": 0.5171339563862928
      }
    }
  }
}