{
  "timestamp": "2026-01-08T12:38:25.329307",
  "n_features_selected": 50,
  "focus": "direction_accuracy",
  "results": {
    "baseline": {
      "accuracy": [
        0.5332278481012658,
        0.5143769968051118,
        0.5189873417721519,
        0.5239616613418531
      ],
      "precision": [
        0.5343137254901961,
        0.5645161290322581,
        0.5201938610662359,
        0.6101694915254238
      ],
      "recall": [
        0.6749226006191951,
        0.4166666666666667,
        0.9787234042553191,
        0.4114285714285714
      ],
      "f1": [
        0.5964432284541724,
        0.4794520547945205,
        0.679324894514768,
        0.49146757679180886
      ]
    },
    "enhanced": {
      "accuracy": [
        0.5158227848101266,
        0.48242811501597443,
        0.5268987341772152,
        0.5239616613418531
      ],
      "precision": [
        0.5182012847965739,
        0.5652173913043478,
        0.5253378378378378,
        0.5773809523809523
      ],
      "recall": [
        0.7492260061919505,
        0.15476190476190477,
        0.9452887537993921,
        0.5542857142857143
      ],
      "f1": [
        0.6126582278481013,
        0.24299065420560748,
        0.6753528773072747,
        0.565597667638484
      ]
    }
  },
  "summary": {
    "baseline": {
      "avg_accuracy": 0.5226384620050957,
      "avg_precision": 0.5572983017785285,
      "avg_recall": 0.6204353107424381,
      "avg_f1": 0.5616719386388174
    },
    "enhanced": {
      "avg_accuracy": 0.5122778238362924,
      "avg_precision": 0.546534366579928,
      "avg_recall": 0.6008905947597404,
      "avg_f1": 0.5241498567498668
    }
  },
  "top_features": [
    [
      "ma_10",
      3
    ],
    [
      "close_mean_10",
      2
    ],
    [
      "rsi_21",
      2
    ],
    [
      "stoch_k",
      2
    ],
    [
      "williams_r",
      2
    ],
    [
      "bb_upper",
      2
    ],
    [
      "ichimoku_cloud_position",
      2
    ],
    [
      "rsi_28",
      2
    ],
    [
      "volatility_10",
      2
    ],
    [
      "volume_lag_5",
      2
    ],
    [
      "day_of_month",
      2
    ],
    [
      "close_lag_3",
      2
    ],
    [
      "plus_di",
      2
    ],
    [
      "close_std_10",
      2
    ],
    [
      "ichimoku_tenkan",
      1
    ]
  ]
}