{
  "timestamp": "2026-01-08T12:39:48.483981",
  "results": {
    "baseline_ensemble": {
      "accuracy": [
        0.5363924050632911,
        0.5143769968051118,
        0.5300632911392406,
        0.5207667731629393
      ],
      "precision": [
        0.5407608695652174,
        0.5512820512820513,
        0.5267558528428093,
        0.5939849624060151
      ],
      "recall": [
        0.6160990712074303,
        0.5119047619047619,
        0.9574468085106383,
        0.4514285714285714
      ],
      "f1": [
        0.5759768451519537,
        0.5308641975308642,
        0.6796116504854369,
        0.512987012987013
      ]
    },
    "enhanced_ensemble": {
      "accuracy": [
        0.5205696202531646,
        0.5175718849840255,
        0.5268987341772152,
        0.49201277955271566
      ],
      "precision": [
        0.52,
        0.5422885572139303,
        0.5256849315068494,
        0.5425531914893617
      ],
      "recall": [
        0.804953560371517,
        0.6488095238095238,
        0.9331306990881459,
        0.5828571428571429
      ],
      "f1": [
        0.6318347509113001,
        0.5907859078590786,
        0.6725082146768894,
        0.5619834710743802
      ]
    }
  },
  "summary": {
    "baseline_ensemble": {
      "avg_accuracy": 0.5253998665426456,
      "avg_precision": 0.5531959340240233,
      "avg_recall": 0.6342198032628505,
      "avg_f1": 0.574859926538817
    },
    "enhanced_ensemble": {
      "avg_accuracy": 0.5142632547417803,
      "avg_precision": 0.5326316700525353,
      "avg_recall": 0.7424377315315823,
      "avg_f1": 0.614278086130412
    }
  }
}