{
  "timestamp": "2026-01-10T14:17:54.008141",
  "results": {
    "baseline_ensemble": {
      "accuracy": [
        0.5266457680250783,
        0.5254777070063694,
        0.5282131661442007,
        0.5286624203821656
      ],
      "precision": [
        0.5407166123778502,
        0.5704697986577181,
        0.5280701754385965,
        0.5771812080536913
      ],
      "recall": [
        0.5076452599388379,
        0.5,
        0.9039039039039038,
        0.5029239766081871
      ],
      "f1": [
        0.5236593059936908,
        0.5329153605015674,
        0.6666666666666666,
        0.5375
      ]
    },
    "enhanced_ensemble": {
      "accuracy": [
        0.5219435736677116,
        0.4968152866242038,
        0.5203761755485894,
        0.4872611464968153
      ],
      "precision": [
        0.5401459854014599,
        0.5272727272727272,
        0.5236427320490368,
        0.5274725274725275
      ],
      "recall": [
        0.4525993883792049,
        0.6823529411764706,
        0.8978978978978979,
        0.5614035087719298
      ],
      "f1": [
        0.4925124792013311,
        0.5948717948717949,
        0.661504424778761,
        0.5439093484419264
      ]
    }
  },
  "summary": {
    "baseline_ensemble": {
      "avg_accuracy": 0.5272497653894536,
      "avg_precision": 0.554109448631964,
      "avg_recall": 0.6036182851127322,
      "avg_f1": 0.5651853332904813
    },
    "enhanced_ensemble": {
      "avg_accuracy": 0.5065990455843301,
      "avg_precision": 0.5296334930489378,
      "avg_recall": 0.6485634340563757,
      "avg_f1": 0.5731995118234534
    }
  }
}