{
  "timestamp": "2026-01-12T13:00:19.138798",
  "results": {
    "baseline_ensemble": {
      "accuracy": [
        0.5235109717868338,
        0.5031847133757962,
        0.5188087774294671,
        0.5191082802547771
      ],
      "precision": [
        0.5324232081911263,
        0.5586206896551724,
        0.5316804407713499,
        0.5723684210526315
      ],
      "recall": [
        0.48297213622291024,
        0.4682080924855491,
        0.5848484848484848,
        0.5028901734104047
      ],
      "f1": [
        0.5064935064935064,
        0.5094339622641509,
        0.556998556998557,
        0.5353846153846153
      ]
    },
    "enhanced_ensemble": {
      "accuracy": [
        0.5141065830721003,
        0.5127388535031847,
        0.5344827586206896,
        0.5222929936305732
      ],
      "precision": [
        0.5239852398523985,
        0.5505050505050505,
        0.5428571428571428,
        0.5608465608465608
      ],
      "recall": [
        0.43962848297213625,
        0.630057803468208,
        0.6333333333333333,
        0.6127167630057804
      ],
      "f1": [
        0.4781144781144781,
        0.5876010781671159,
        0.5846153846153846,
        0.585635359116022
      ]
    }
  },
  "summary": {
    "baseline_ensemble": {
      "avg_accuracy": 0.5161531857117185,
      "avg_precision": 0.54877318991757,
      "avg_recall": 0.5097297217418372,
      "avg_f1": 0.5270776602852074
    },
    "enhanced_ensemble": {
      "avg_accuracy": 0.5209052972066369,
      "avg_precision": 0.5445484985152882,
      "avg_recall": 0.5789340956948645,
      "avg_f1": 0.5589915750032503
    }
  }
}