{
  "timestamp": "2026-01-10T13:55:45.973197",
  "results": {
    "baseline": {
      "r2": [
        -0.045401870658812404,
        0.0022960933315636645,
        -0.01567121981604158,
        -0.0190527800346445
      ],
      "mse": [
        1.706222740892592e-05,
        8.514053651329375e-05,
        2.7779123768908157e-05,
        0.0001785582852140819
      ],
      "dir_acc": [
        0.512539184952978,
        0.5509554140127388,
        0.5172413793103449,
        0.5222929936305732
      ]
    },
    "enhanced_features_only": {
      "r2": [
        -0.004830154345325299,
        0.004984766348074099,
        -0.005692359718617368,
        -0.013496910895015812
      ],
      "mse": [
        1.640004775386667e-05,
        8.491109463018144e-05,
        2.7506196876513614e-05,
        0.00017758478660254558
      ],
      "dir_acc": [
        0.49059561128526646,
        0.5477707006369427,
        0.5172413793103449,
        0.49044585987261147
      ]
    },
    "enhanced_with_selection": {
      "r2": [
        -0.02438589401729785,
        -0.0003467217205190831,
        -0.004593364146670442,
        -0.007284278505015562
      ],
      "mse": [
        1.6719221161527277e-05,
        8.536606503927809e-05,
        2.7476138789389587e-05,
        0.00017649621002637826
      ],
      "dir_acc": [
        0.48119122257053293,
        0.5477707006369427,
        0.5203761755485894,
        0.5445859872611465
      ]
    }
  },
  "summary": {
    "baseline": {
      "avg_r2": -0.019457444294483706,
      "avg_mse": 7.713504322630243e-05,
      "avg_dir_acc": 0.5257572429766587
    },
    "enhanced_features_only": {
      "avg_r2": -0.004758664652721095,
      "avg_mse": 7.660053146577682e-05,
      "avg_dir_acc": 0.5115133877762914
    },
    "enhanced_with_selection": {
      "avg_r2": -0.009152564597375734,
      "avg_mse": 7.65144087541433e-05,
      "avg_dir_acc": 0.5234810215043029
    }
  }
}