{
  "timestamp": "2026-01-08T12:33:54.797393",
  "results": {
    "baseline": {
      "r2": [
        -0.05759776335130118,
        0.0006084115421834957,
        -0.002219313592616068,
        -0.0035838570169923756
      ],
      "mse": [
        1.7062973644453466e-05,
        9.059085998887198e-05,
        2.945505440704653e-05,
        0.00019107788429621096
      ],
      "dir_acc": [
        0.48575949367088606,
        0.5608974358974359,
        0.5300632911392406,
        0.5384615384615384
      ]
    },
    "enhanced_features_only": {
      "r2": [
        -0.05753628988040149,
        0.004387854364760857,
        -0.002219313592616068,
        0.01088930095989249
      ],
      "mse": [
        1.706198184941556e-05,
        9.024826857672653e-05,
        2.945505440704653e-05,
        0.0001883222596556074
      ],
      "dir_acc": [
        0.4762658227848101,
        0.5544871794871795,
        0.5300632911392406,
        0.532051282051282
      ]
    },
    "enhanced_with_selection": {
      "r2": [
        -0.03723697139300364,
        0.0017769860802572257,
        -0.0020648961174472014,
        -0.0010371908102773109
      ],
      "mse": [
        1.6734478569479268e-05,
        9.048493336952895e-05,
        2.9450516103832042e-05,
        0.0001905930104240523
      ],
      "dir_acc": [
        0.5,
        0.5128205128205128,
        0.5284810126582279,
        0.5384615384615384
      ]
    }
  },
  "summary": {
    "baseline": {
      "avg_r2": -0.01569813060468153,
      "avg_mse": 8.204669308414573e-05,
      "avg_dir_acc": 0.5287954397922752
    },
    "enhanced_features_only": {
      "avg_r2": -0.011119612037091053,
      "avg_mse": 8.127189112219901e-05,
      "avg_dir_acc": 0.523216893865628
    },
    "enhanced_with_selection": {
      "avg_r2": -0.009640518060117731,
      "avg_mse": 8.181573461672314e-05,
      "avg_dir_acc": 0.5199407659850698
    }
  }
}