{
  "timestamp": "2026-01-10T14:27:35.307594",
  "results": {
    "20": {
      "5m": {
        "BTC/USDT": {
          "accuracy": 0.5132398753894081,
          "precision": 0.5161290322580645,
          "recall": 0.4720496894409938,
          "f1": 0.4931062449310625,
          "samples_test": 1284
        },
        "ETH/USDT": {
          "accuracy": 0.5350467289719626,
          "precision": 0.5427046263345195,
          "recall": 0.4728682170542636,
          "f1": 0.5053852526926264,
          "samples_test": 1284
        }
      },
      "15m": {
        "BTC/USDT": {
          "accuracy": 0.5257611241217799,
          "precision": 0.5272727272727272,
          "recall": 0.5407925407925408,
          "f1": 0.5339470655926352,
          "samples_test": 854
        },
        "ETH/USDT": {
          "accuracy": 0.5281030444964872,
          "precision": 0.5216535433070866,
          "recall": 0.6235294117647059,
          "f1": 0.5680600214362272,
          "samples_test": 854
        }
      },
      "1h": {
        "BTC/USDT": {
          "accuracy": 0.48119122257053293,
          "precision": 0.49333333333333335,
          "recall": 0.4525993883792049,
          "f1": 0.47208931419457734,
          "samples_test": 638
        },
        "ETH/USDT": {
          "accuracy": 0.5078369905956113,
          "precision": 0.5179584120982986,
          "recall": 0.8228228228228228,
          "f1": 0.6357308584686775,
          "samples_test": 638
        }
      },
      "4h": {
        "BTC/USDT": {
          "accuracy": 0.5125786163522013,
          "precision": 0.5377358490566038,
          "recall": 0.6666666666666666,
          "f1": 0.5953002610966057,
          "samples_test": 318
        },
        "ETH/USDT": {
          "accuracy": 0.5408805031446541,
          "precision": 0.5771428571428572,
          "recall": 0.5838150289017341,
          "f1": 0.5804597701149425,
          "samples_test": 318
        }
      },
      "1d": {
        "BTC/USDT": {
          "accuracy": 0.5353535353535354,
          "precision": 0.5,
          "recall": 0.5217391304347826,
          "f1": 0.5106382978723404,
          "samples_test": 99
        },
        "ETH/USDT": {
          "accuracy": 0.494949494949495,
          "precision": 0.4772727272727273,
          "recall": 0.4375,
          "f1": 0.45652173913043476,
          "samples_test": 99
        }
      }
    },
    "50": {
      "5m": {
        "BTC/USDT": {
          "accuracy": 0.5093457943925234,
          "precision": 0.5170731707317073,
          "recall": 0.32919254658385094,
          "f1": 0.40227703984819735,
          "samples_test": 1284
        },
        "ETH/USDT": {
          "accuracy": 0.5295950155763239,
          "precision": 0.5368043087971275,
          "recall": 0.4635658914728682,
          "f1": 0.49750415973377704,
          "samples_test": 1284
        }
      },
      "15m": {
        "BTC/USDT": {
          "accuracy": 0.5128805620608899,
          "precision": 0.5150812064965197,
          "recall": 0.5174825174825175,
          "f1": 0.5162790697674419,
          "samples_test": 854
        },
        "ETH/USDT": {
          "accuracy": 0.5573770491803278,
          "precision": 0.5467196819085487,
          "recall": 0.6470588235294118,
          "f1": 0.5926724137931034,
          "samples_test": 854
        }
      },
      "1h": {
        "BTC/USDT": {
          "accuracy": 0.5266457680250783,
          "precision": 0.5536480686695279,
          "recall": 0.3944954128440367,
          "f1": 0.4607142857142857,
          "samples_test": 638
        },
        "ETH/USDT": {
          "accuracy": 0.5141065830721003,
          "precision": 0.5210237659963437,
          "recall": 0.8558558558558559,
          "f1": 0.6477272727272727,
          "samples_test": 638
        }
      },
      "4h": {
        "BTC/USDT": {
          "accuracy": 0.4811320754716981,
          "precision": 0.5189873417721519,
          "recall": 0.47953216374269003,
          "f1": 0.49848024316109424,
          "samples_test": 318
        },
        "ETH/USDT": {
          "accuracy": 0.4716981132075472,
          "precision": 0.5153374233128835,
          "recall": 0.48554913294797686,
          "f1": 0.5,
          "samples_test": 318
        }
      },
      "1d": {
        "BTC/USDT": {
          "accuracy": 0.48484848484848486,
          "precision": 0.4576271186440678,
          "recall": 0.5869565217391305,
          "f1": 0.5142857142857142,
          "samples_test": 99
        },
        "ETH/USDT": {
          "accuracy": 0.5454545454545454,
          "precision": 0.5263157894736842,
          "recall": 0.625,
          "f1": 0.5714285714285714,
          "samples_test": 99
        }
      }
    }
  },
  "comparison": {
    "5m": {
      "avg_20": 0.5241433021806854,
      "avg_50": 0.5194704049844237,
      "difference": 0.004672897196261738
    },
    "15m": {
      "avg_20": 0.5269320843091335,
      "avg_50": 0.5351288056206089,
      "difference": -0.008196721311475419
    },
    "1h": {
      "avg_20": 0.4945141065830721,
      "avg_50": 0.5203761755485894,
      "difference": -0.025862068965517293
    },
    "4h": {
      "avg_20": 0.5267295597484276,
      "avg_50": 0.47641509433962265,
      "difference": 0.050314465408804965
    },
    "1d": {
      "avg_20": 0.5151515151515151,
      "avg_50": 0.5151515151515151,
      "difference": 0.0
    }
  },
  "overall": {
    "20_features": 0.5174941135945667,
    "50_features": 0.513308399128952,
    "difference": 0.004185714465614665
  }
}